PLACEKEY,HOME_CBG,VISITOR_COUNT,HOME_CBG_LAT,HOME_CBG_LON,LOCATION_NAME,BRANDS,TOP_CATEGORY,SUB_CATEGORY,POI_CBG,LATITUDE,LONGITUDE,STREET_ADDRESS,CITY,REGION
zzw-226@63p-vks-ndv,420270116002,3738,40.8334664667,-77.8113462946,Nittany Mall,,Lessors of Real Estate,Malls,420270116002,40.832309,-77.8012,2901 E College Ave,State College,PA
zzw-226@63p-vks-ndv,420270110003,1928,40.8899341269,-77.7568042719,Nittany Mall,,Lessors of Real Estate,Malls,420270116002,40.832309,-77.8012,2901 E College Ave,State College,PA
zzw-226@63p-vks-ndv,420270107003,1537,40.9384003478,-77.6640678954,Nittany Mall,,Lessors of Real Estate,Malls,420270116002,40.832309,-77.8012,2901 E College Ave,State College,PA
zzw-226@63p-vks-ndv,420270112012,1380,40.8644631348,-77.8056326399,Nittany Mall,,Lessors of Real Estate,Malls,420270116002,40.832309,-77.8012,2901 E College Ave,State College,PA
zzw-226@63p-vks-ndv,420270117021,1116,40.815463245,-77.7924730875,Nittany Mall,,Lessors of Real Estate,Malls,420270116002,40.832309,-77.8012,2901 E College Ave,State College,PA
zzw-226@63p-vks-ndv,420270116001,1047,40.8206443299,-77.8507453915,Nittany Mall,,Lessors of Real Estate,Malls,420270116002,40.832309,-77.8012,2901 E College Ave,State College,PA
zzw-226@63p-vks-ndv,420270107002,921,40.952123079,-77.5982009516,Nittany Mall,,Lessors of Real Estate,Malls,420270116002,40.832309,-77.8012,2901 E College Ave,State College,PA
zzw-226@63p-vks-ndv,420270110002,891,40.8973342643,-77.714955256,Nittany Mall,,Lessors of Real Estate,Malls,420270116002,40.832309,-77.8012,2901 E College Ave,State College,PA
zzw-226@63p-vks-ndv,420270109004,891,40.8448045454,-77.6850654695,Nittany Mall,,Lessors of Real Estate,Malls,420270116002,40.832309,-77.8012,2901 E College Ave,State College,PA
zzw-226@63p-vks-ndv,420270110005,872,40.8689620359,-77.7280027249,Nittany Mall,,Lessors of Real Estate,Malls,420270116002,40.832309,-77.8012,2901 E College Ave,State College,PA
zzw-226@63p-vks-ndv,420270111005,852,40.9094355648,-77.780113884,Nittany Mall,,Lessors of Real Estate,Malls,420270116002,40.832309,-77.8012,2901 E College Ave,State College,PA
zzw-226@63p-vks-ndv,420270106001,832,41.0003013438,-77.8209031059,Nittany Mall,,Lessors of Real Estate,Malls,420270116002,40.832309,-77.8012,2901 E College Ave,State College,PA
zzw-226@63p-vks-ndv,420270105001,793,40.9401309119,-77.9029978216,Nittany Mall,,Lessors of Real Estate,Malls,420270116002,40.832309,-77.8012,2901 E College Ave,State College,PA
zzw-226@63p-vks-ndv,420270112011,773,40.8895554544,-77.8522660899,Nittany Mall,,Lessors of Real Estate,Malls,420270116002,40.832309,-77.8012,2901 E College Ave,State College,PA
zzw-226@63p-vks-ndv,420270111001,754,40.9151635015,-77.7549041189,Nittany Mall,,Lessors of Real Estate,Malls,420270116002,40.832309,-77.8012,2901 E College Ave,State College,PA
zzw-226@63p-vks-ndv,420270119022,724,40.7445626531,-77.9696428448,Nittany Mall,,Lessors of Real Estate,Malls,420270116002,40.832309,-77.8012,2901 E College Ave,State College,PA
zzw-226@63p-vks-ndv,420270110001,686,40.9262139947,-77.7730490336,Nittany Mall,,Lessors of Real Estate,Malls,420270116002,40.832309,-77.8012,2901 E College Ave,State College,PA
zzw-226@63p-vks-ndv,420270106003,656,40.9735294529,-77.764476097,Nittany Mall,,Lessors of Real Estate,Malls,420270116002,40.832309,-77.8012,2901 E College Ave,State College,PA
zzw-226@63p-vks-ndv,420270125001,646,40.797144626,-77.8565480222,Nittany Mall,,Lessors of Real Estate,Malls,420270116002,40.832309,-77.8012,2901 E College Ave,State College,PA
zzw-226@63p-vks-ndv,420270109002,646,40.8209678748,-77.5590320356,Nittany Mall,,Lessors of Real Estate,Malls,420270116002,40.832309,-77.8012,2901 E College Ave,State College,PA
zzw-226@63p-vks-ndv,420270113005,646,40.8121198439,-77.8924569529,Nittany Mall,,Lessors of Real Estate,Malls,420270116002,40.832309,-77.8012,2901 E College Ave,State College,PA
zzw-226@63p-vks-ndv,420270102001,637,41.1081973414,-77.9412219774,Nittany Mall,,Lessors of Real Estate,Malls,420270116002,40.832309,-77.8012,2901 E College Ave,State College,PA
zzw-226@63p-vks-ndv,420270109005,627,40.8149985369,-77.6943823306,Nittany Mall,,Lessors of Real Estate,Malls,420270116002,40.832309,-77.8012,2901 E College Ave,State College,PA
zzw-226@63p-vks-ndv,420270101001,607,41.0936457037,-77.739595495,Nittany Mall,,Lessors of Real Estate,Malls,420270116002,40.832309,-77.8012,2901 E College Ave,State College,PA
zzw-226@63p-vks-ndv,420270119011,597,40.7730087145,-78.0241405897,Nittany Mall,,Lessors of Real Estate,Malls,420270116002,40.832309,-77.8012,2901 E College Ave,State College,PA
zzw-226@63p-vks-ndv,420270125002,587,40.7926268723,-77.8605908126,Nittany Mall,,Lessors of Real Estate,Malls,420270116002,40.832309,-77.8012,2901 E College Ave,State College,PA
zzw-226@63p-vks-ndv,420270113001,587,40.8131588945,-77.9079668045,Nittany Mall,,Lessors of Real Estate,Malls,420270116002,40.832309,-77.8012,2901 E College Ave,State College,PA
zzw-226@63p-vks-ndv,420270106002,587,40.9425031938,-77.791908508,Nittany Mall,,Lessors of Real Estate,Malls,420270116002,40.832309,-77.8012,2901 E College Ave,State College,PA
zzw-226@63p-vks-ndv,420270117023,578,40.7825261194,-77.8283642858,Nittany Mall,,Lessors of Real Estate,Malls,420270116002,40.832309,-77.8012,2901 E College Ave,State College,PA
zzw-226@63p-vks-ndv,420350308003,558,41.0288669804,-77.5155596974,Nittany Mall,,Lessors of Real Estate,Malls,420270116002,40.832309,-77.8012,2901 E College Ave,State College,PA
zzw-226@63p-vks-ndv,420270115011,558,40.7717361269,-77.8761728895,Nittany Mall,,Lessors of Real Estate,Malls,420270116002,40.832309,-77.8012,2901 E College Ave,State College,PA
zzw-226@63p-vks-ndv,420270118003,558,40.7618688569,-77.7641663142,Nittany Mall,,Lessors of Real Estate,Malls,420270116002,40.832309,-77.8012,2901 E College Ave,State College,PA
zzw-226@63p-vks-ndv,420270109003,549,40.8425370758,-77.6470773831,Nittany Mall,,Lessors of Real Estate,Malls,420270116002,40.832309,-77.8012,2901 E College Ave,State College,PA
zzw-226@63p-vks-ndv,420270110004,538,40.8540095848,-77.736711545,Nittany Mall,,Lessors of Real Estate,Malls,420270116002,40.832309,-77.8012,2901 E College Ave,State College,PA
zzw-226@63p-vks-ndv,420270114002,489,40.8070878948,-77.9536814866,Nittany Mall,,Lessors of Real Estate,Malls,420270116002,40.832309,-77.8012,2901 E College Ave,State College,PA
zzw-226@63p-vks-ndv,420270118001,460,40.7785688843,-77.8041813191,Nittany Mall,,Lessors of Real Estate,Malls,420270116002,40.832309,-77.8012,2901 E College Ave,State College,PA
zzw-226@63p-vks-ndv,420270111006,460,40.9099862624,-77.7711387319,Nittany Mall,,Lessors of Real Estate,Malls,420270116002,40.832309,-77.8012,2901 E College Ave,State College,PA
zzw-226@63p-vks-ndv,420270105003,460,40.7906286475,-78.119308705,Nittany Mall,,Lessors of Real Estate,Malls,420270116002,40.832309,-77.8012,2901 E College Ave,State College,PA
zzw-226@63p-vks-ndv,420270108004,451,40.856776816,-77.4910553576,Nittany Mall,,Lessors of Real Estate,Malls,420270116002,40.832309,-77.8012,2901 E College Ave,State College,PA
zzw-226@63p-vks-ndv,420270101004,451,41.0089960247,-77.6901141446,Nittany Mall,,Lessors of Real Estate,Malls,420270116002,40.832309,-77.8012,2901 E College Ave,State College,PA
zzw-226@63p-vks-ndv,420270111002,451,40.9142565912,-77.784107917,Nittany Mall,,Lessors of Real Estate,Malls,420270116002,40.832309,-77.8012,2901 E College Ave,State College,PA
zzw-226@63p-vks-ndv,420270117022,451,40.8068825143,-77.8278986372,Nittany Mall,,Lessors of Real Estate,Malls,420270116002,40.832309,-77.8012,2901 E College Ave,State College,PA
zzw-226@63p-vks-ndv,420270109006,411,40.7729690178,-77.6452382914,Nittany Mall,,Lessors of Real Estate,Malls,420270116002,40.832309,-77.8012,2901 E College Ave,State College,PA
zzw-226@63p-vks-ndv,420270105002,411,40.8684322585,-77.9767498233,Nittany Mall,,Lessors of Real Estate,Malls,420270116002,40.832309,-77.8012,2901 E College Ave,State College,PA
zzw-226@63p-vks-ndv,420270108002,392,40.9012311813,-77.3625392079,Nittany Mall,,Lessors of Real Estate,Malls,420270116002,40.832309,-77.8012,2901 E College Ave,State College,PA
zzw-226@63p-vks-ndv,420270113002,392,40.8175729094,-77.8906667343,Nittany Mall,,Lessors of Real Estate,Malls,420270116002,40.832309,-77.8012,2901 E College Ave,State College,PA
zzw-226@63p-vks-ndv,420270115021,392,40.8078136807,-77.8845657897,Nittany Mall,,Lessors of Real Estate,Malls,420270116002,40.832309,-77.8012,2901 E College Ave,State College,PA
zzw-226@63p-vks-ndv,420270107001,382,40.9858218986,-77.6425935611,Nittany Mall,,Lessors of Real Estate,Malls,420270116002,40.832309,-77.8012,2901 E College Ave,State College,PA
zzw-226@63p-vks-ndv,420270113004,372,40.8246129678,-77.8848978272,Nittany Mall,,Lessors of Real Estate,Malls,420270116002,40.832309,-77.8012,2901 E College Ave,State College,PA
zzw-226@63p-vks-ndv,420270128002,352,40.7740500984,-77.8576200845,Nittany Mall,,Lessors of Real Estate,Malls,420270116002,40.832309,-77.8012,2901 E College Ave,State College,PA
zzw-226@63p-vks-ndv,420350308002,343,41.0546450949,-77.4366510904,Nittany Mall,,Lessors of Real Estate,Malls,420270116002,40.832309,-77.8012,2901 E College Ave,State College,PA
zzw-226@63p-vks-ndv,420270115023,343,40.7864543455,-77.889048885,Nittany Mall,,Lessors of Real Estate,Malls,420270116002,40.832309,-77.8012,2901 E College Ave,State College,PA
zzw-226@63p-vks-ndv,420270126001,343,40.7899389985,-77.858013458,Nittany Mall,,Lessors of Real Estate,Malls,420270116002,40.832309,-77.8012,2901 E College Ave,State College,PA
zzw-226@63p-vks-ndv,420270109001,343,40.8894467164,-77.5829887399,Nittany Mall,,Lessors of Real Estate,Malls,420270116002,40.832309,-77.8012,2901 E College Ave,State College,PA
zzw-226@63p-vks-ndv,420270124003,343,40.7898546563,-77.866194909,Nittany Mall,,Lessors of Real Estate,Malls,420270116002,40.832309,-77.8012,2901 E College Ave,State College,PA
zzw-226@63p-vks-ndv,420270111003,333,40.9157545801,-77.7730739873,Nittany Mall,,Lessors of Real Estate,Malls,420270116002,40.832309,-77.8012,2901 E College Ave,State College,PA
zzw-226@63p-vks-ndv,420270115024,294,40.8013692233,-77.8920311929,Nittany Mall,,Lessors of Real Estate,Malls,420270116002,40.832309,-77.8012,2901 E College Ave,State College,PA
zzw-226@63p-vks-ndv,420270108003,294,40.8936176536,-77.4765360585,Nittany Mall,,Lessors of Real Estate,Malls,420270116002,40.832309,-77.8012,2901 E College Ave,State College,PA
zzw-226@63p-vks-ndv,420270127002,294,40.7877832608,-77.8442770521,Nittany Mall,,Lessors of Real Estate,Malls,420270116002,40.832309,-77.8012,2901 E College Ave,State College,PA
zzw-226@63p-vks-ndv,420270111004,294,40.9175146205,-77.7672074507,Nittany Mall,,Lessors of Real Estate,Malls,420270116002,40.832309,-77.8012,2901 E College Ave,State College,PA
zzw-226@63p-vks-ndv,420270120003,285,40.799035539,-77.8506455307,Nittany Mall,,Lessors of Real Estate,Malls,420270116002,40.832309,-77.8012,2901 E College Ave,State College,PA
zzw-226@63p-vks-ndv,420270108001,285,40.9649571288,-77.3705247161,Nittany Mall,,Lessors of Real Estate,Malls,420270116002,40.832309,-77.8012,2901 E College Ave,State College,PA
zzw-226@63p-vks-ndv,420270122003,285,40.7933596575,-77.8711397153,Nittany Mall,,Lessors of Real Estate,Malls,420270116002,40.832309,-77.8012,2901 E College Ave,State College,PA
zzw-226@63p-vks-ndv,420619502002,285,40.6892572602,-78.1471116966,Nittany Mall,,Lessors of Real Estate,Malls,420270116002,40.832309,-77.8012,2901 E College Ave,State College,PA
zzw-226@63p-vks-ndv,420270121002,285,40.796653917,-77.8615239798,Nittany Mall,,Lessors of Real Estate,Malls,420270116002,40.832309,-77.8012,2901 E College Ave,State College,PA
zzw-226@63p-vks-ndv,420879606001,274,40.591159295,-77.642644591,Nittany Mall,,Lessors of Real Estate,Malls,420270116002,40.832309,-77.8012,2901 E College Ave,State College,PA
zzw-226@63p-vks-ndv,420270122002,274,40.8010732923,-77.8639520769,Nittany Mall,,Lessors of Real Estate,Malls,420270116002,40.832309,-77.8012,2901 E College Ave,State College,PA
zzw-226@63p-vks-ndv,420270101002,265,41.049760674,-77.6247994703,Nittany Mall,,Lessors of Real Estate,Malls,420270116002,40.832309,-77.8012,2901 E College Ave,State College,PA
zzw-226@63p-vks-ndv,420270127003,265,40.7824890154,-77.8431709059,Nittany Mall,,Lessors of Real Estate,Malls,420270116002,40.832309,-77.8012,2901 E College Ave,State College,PA
zzw-226@63p-vks-ndv,420879602001,255,40.6902232963,-77.6456113207,Nittany Mall,,Lessors of Real Estate,Malls,420270116002,40.832309,-77.8012,2901 E College Ave,State College,PA
zzw-226@63p-vks-ndv,420270119021,255,40.741889504,-77.873279386,Nittany Mall,,Lessors of Real Estate,Malls,420270116002,40.832309,-77.8012,2901 E College Ave,State College,PA
zzw-226@63p-vks-ndv,420270113003,245,40.8408660995,-77.9092632813,Nittany Mall,,Lessors of Real Estate,Malls,420270116002,40.832309,-77.8012,2901 E College Ave,State College,PA
zzw-226@63p-vks-ndv,420270118002,245,40.7701331453,-77.7823578912,Nittany Mall,,Lessors of Real Estate,Malls,420270116002,40.832309,-77.8012,2901 E College Ave,State College,PA
zzw-226@63p-vks-ndv,420270101003,245,41.0165419736,-77.6578722812,Nittany Mall,,Lessors of Real Estate,Malls,420270116002,40.832309,-77.8012,2901 E College Ave,State College,PA
zzw-226@63p-vks-ndv,420350302005,245,41.104498205,-77.4888277202,Nittany Mall,,Lessors of Real Estate,Malls,420270116002,40.832309,-77.8012,2901 E College Ave,State College,PA
zzw-226@63p-vks-ndv,420270122001,245,40.8059926133,-77.8620148714,Nittany Mall,,Lessors of Real Estate,Malls,420270116002,40.832309,-77.8012,2901 E College Ave,State College,PA
zzw-226@63p-vks-ndv,420270105004,235,40.8003167527,-78.0522857606,Nittany Mall,,Lessors of Real Estate,Malls,420270116002,40.832309,-77.8012,2901 E College Ave,State College,PA
zzw-226@63p-vks-ndv,420270114001,235,40.8036480254,-77.9089639513,Nittany Mall,,Lessors of Real Estate,Malls,420270116002,40.832309,-77.8012,2901 E College Ave,State College,PA
zzw-226@63p-vks-ndv,420270119023,235,40.7137712282,-77.9386372234,Nittany Mall,,Lessors of Real Estate,Malls,420270116002,40.832309,-77.8012,2901 E College Ave,State College,PA
zzw-226@63p-vks-ndv,420350307002,225,41.1299127788,-77.4594566281,Nittany Mall,,Lessors of Real Estate,Malls,420270116002,40.832309,-77.8012,2901 E College Ave,State College,PA
zzw-226@63p-vks-ndv,420270120005,225,40.7949011401,-77.8538206415,Nittany Mall,,Lessors of Real Estate,Malls,420270116002,40.832309,-77.8012,2901 E College Ave,State College,PA
zzw-226@63p-vks-ndv,420333310002,216,41.0248317859,-78.2987028608,Nittany Mall,,Lessors of Real Estate,Malls,420270116002,40.832309,-77.8012,2901 E College Ave,State College,PA
zzw-226@63p-vks-ndv,420270126002,206,40.787976952,-77.8531539595,Nittany Mall,,Lessors of Real Estate,Malls,420270116002,40.832309,-77.8012,2901 E College Ave,State College,PA
zzw-226@63p-vks-ndv,420270102002,206,41.0275732673,-77.9499022016,Nittany Mall,,Lessors of Real Estate,Malls,420270116002,40.832309,-77.8012,2901 E College Ave,State College,PA
zzw-226@63p-vks-ndv,420270120001,206,40.797392488,-77.8465409535,Nittany Mall,,Lessors of Real Estate,Malls,420270116002,40.832309,-77.8012,2901 E College Ave,State College,PA
zzw-226@63p-vks-ndv,420270102003,206,41.0039239892,-77.9927272952,Nittany Mall,,Lessors of Real Estate,Malls,420270116002,40.832309,-77.8012,2901 E College Ave,State College,PA
zzw-226@63p-vks-ndv,420270121003,206,40.8011668707,-77.8571985682,Nittany Mall,,Lessors of Real Estate,Malls,420270116002,40.832309,-77.8012,2901 E College Ave,State College,PA
zzw-226@63p-vks-ndv,420270128003,206,40.7778089709,-77.8594700332,Nittany Mall,,Lessors of Real Estate,Malls,420270116002,40.832309,-77.8012,2901 E College Ave,State College,PA
zzw-226@63p-vks-ndv,420270121001,196,40.8009569237,-77.8544594049,Nittany Mall,,Lessors of Real Estate,Malls,420270116002,40.832309,-77.8012,2901 E College Ave,State College,PA
zzw-226@63p-vks-ndv,420333308005,196,40.9373592937,-78.2146550466,Nittany Mall,,Lessors of Real Estate,Malls,420270116002,40.832309,-77.8012,2901 E College Ave,State College,PA
zzw-226@63p-vks-ndv,420270115022,196,40.7955752176,-77.9035191138,Nittany Mall,,Lessors of Real Estate,Malls,420270116002,40.832309,-77.8012,2901 E College Ave,State College,PA
zzw-226@63p-vks-ndv,420350303002,196,41.1703963639,-77.4261532168,Nittany Mall,,Lessors of Real Estate,Malls,420270116002,40.832309,-77.8012,2901 E College Ave,State College,PA
zzw-226@63p-vks-ndv,420350307005,177,41.138680389,-77.450970049,Nittany Mall,,Lessors of Real Estate,Malls,420270116002,40.832309,-77.8012,2901 E College Ave,State College,PA
zzw-226@63p-vks-ndv,420270128001,177,40.7782577488,-77.8658094638,Nittany Mall,,Lessors of Real Estate,Malls,420270116002,40.832309,-77.8012,2901 E College Ave,State College,PA
zzw-226@63p-vks-ndv,420333308003,177,40.9742886945,-78.1229706026,Nittany Mall,,Lessors of Real Estate,Malls,420270116002,40.832309,-77.8012,2901 E College Ave,State College,PA
zzw-226@63p-vks-ndv,420333309002,157,40.8892456041,-78.2546141345,Nittany Mall,,Lessors of Real Estate,Malls,420270116002,40.832309,-77.8012,2901 E College Ave,State College,PA
zzw-226@63p-vks-ndv,420270103001,157,40.8986445209,-78.2230327169,Nittany Mall,,Lessors of Real Estate,Malls,420270116002,40.832309,-77.8012,2901 E College Ave,State College,PA
zzw-226@63p-vks-ndv,420270114003,157,40.8064047005,-77.9203862577,Nittany Mall,,Lessors of Real Estate,Malls,420270116002,40.832309,-77.8012,2901 E College Ave,State College,PA
zzw-226@63p-vks-ndv,420333310004,157,40.9457428064,-78.3701139689,Nittany Mall,,Lessors of Real Estate,Malls,420270116002,40.832309,-77.8012,2901 E College Ave,State College,PA
zzw-226@63p-vks-ndv,420270104003,157,40.7941351132,-78.2840673322,Nittany Mall,,Lessors of Real Estate,Malls,420270116002,40.832309,-77.8012,2901 E College Ave,State College,PA
zzw-226@63p-vks-ndv,420350305003,147,41.1218967815,-77.4167412532,Nittany Mall,,Lessors of Real Estate,Malls,420270116002,40.832309,-77.8012,2901 E College Ave,State College,PA
zzw-226@63p-vks-ndv,420350302001,147,41.1612104494,-77.7202093125,Nittany Mall,,Lessors of Real Estate,Malls,420270116002,40.832309,-77.8012,2901 E College Ave,State College,PA
zzw-226@63p-vks-ndv,420350305001,147,41.1459923078,-77.4769371753,Nittany Mall,,Lessors of Real Estate,Malls,420270116002,40.832309,-77.8012,2901 E College Ave,State College,PA
zzw-226@63p-vks-ndv,420879608004,147,40.5934663799,-77.5925700927,Nittany Mall,,Lessors of Real Estate,Malls,420270116002,40.832309,-77.8012,2901 E College Ave,State College,PA
zzw-226@63p-vks-ndv,420270104002,147,40.8588067599,-78.1365637945,Nittany Mall,,Lessors of Real Estate,Malls,420270116002,40.832309,-77.8012,2901 E College Ave,State College,PA
zzw-226@63p-vks-ndv,420350302003,147,41.0745495341,-77.5852019265,Nittany Mall,,Lessors of Real Estate,Malls,420270116002,40.832309,-77.8012,2901 E College Ave,State College,PA
zzw-226@63p-vks-ndv,420270124002,147,40.784322936,-77.8682768404,Nittany Mall,,Lessors of Real Estate,Malls,420270116002,40.832309,-77.8012,2901 E College Ave,State College,PA
zzw-226@63p-vks-ndv,420350303001,137,41.2581106021,-77.5388925683,Nittany Mall,,Lessors of Real Estate,Malls,420270116002,40.832309,-77.8012,2901 E College Ave,State College,PA
zzw-226@63p-vks-ndv,420350304002,137,41.2032295897,-77.3516048341,Nittany Mall,,Lessors of Real Estate,Malls,420270116002,40.832309,-77.8012,2901 E College Ave,State College,PA
zzw-226@63p-vks-ndv,420270124001,137,40.7853539795,-77.8591541357,Nittany Mall,,Lessors of Real Estate,Malls,420270116002,40.832309,-77.8012,2901 E College Ave,State College,PA
zzw-226@63p-vks-ndv,420333308004,137,40.9675613027,-78.2098857267,Nittany Mall,,Lessors of Real Estate,Malls,420270116002,40.832309,-77.8012,2901 E College Ave,State College,PA
zzw-226@63p-vks-ndv,420270104001,128,40.9383898179,-78.0838689538,Nittany Mall,,Lessors of Real Estate,Malls,420270116002,40.832309,-77.8012,2901 E College Ave,State College,PA
zzw-226@63p-vks-ndv,420270103003,128,40.8887292728,-78.2150600668,Nittany Mall,,Lessors of Real Estate,Malls,420270116002,40.832309,-77.8012,2901 E College Ave,State College,PA
zzw-226@63p-vks-ndv,420350305004,128,41.1250147521,-77.4667165297,Nittany Mall,,Lessors of Real Estate,Malls,420270116002,40.832309,-77.8012,2901 E College Ave,State College,PA
zzw-226@63p-vks-ndv,420130101012,128,40.7136459364,-78.2495088013,Nittany Mall,,Lessors of Real Estate,Malls,420270116002,40.832309,-77.8012,2901 E College Ave,State College,PA
zzw-226@63p-vks-ndv,420333307002,128,41.1475246978,-78.1579324319,Nittany Mall,,Lessors of Real Estate,Malls,420270116002,40.832309,-77.8012,2901 E College Ave,State College,PA
zzw-226@63p-vks-ndv,420270127001,128,40.7933258031,-77.8350158318,Nittany Mall,,Lessors of Real Estate,Malls,420270116002,40.832309,-77.8012,2901 E College Ave,State College,PA
zzw-226@63p-vks-ndv,420350307006,117,41.132729001,-77.4514246231,Nittany Mall,,Lessors of Real Estate,Malls,420270116002,40.832309,-77.8012,2901 E College Ave,State College,PA
zzw-226@63p-vks-ndv,420270120002,117,40.7933139262,-77.8550145054,Nittany Mall,,Lessors of Real Estate,Malls,420270116002,40.832309,-77.8012,2901 E College Ave,State College,PA
zzw-226@63p-vks-ndv,420879601003,117,40.7348541935,-77.5776501743,Nittany Mall,,Lessors of Real Estate,Malls,420270116002,40.832309,-77.8012,2901 E College Ave,State College,PA
zzw-226@63p-vks-ndv,420350307004,117,41.1276909598,-77.4551685161,Nittany Mall,,Lessors of Real Estate,Malls,420270116002,40.832309,-77.8012,2901 E College Ave,State College,PA
zzw-226@63p-vks-ndv,420879607002,117,40.6004609279,-77.5662386431,Nittany Mall,,Lessors of Real Estate,Malls,420270116002,40.832309,-77.8012,2901 E College Ave,State College,PA
zzw-226@63p-vks-ndv,420879603001,117,40.6210059473,-77.7050582775,Nittany Mall,,Lessors of Real Estate,Malls,420270116002,40.832309,-77.8012,2901 E College Ave,State College,PA
zzw-226@63p-vks-ndv,420879611004,117,40.6062174769,-77.5182462549,Nittany Mall,,Lessors of Real Estate,Malls,420270116002,40.832309,-77.8012,2901 E College Ave,State College,PA
zzw-226@63p-vks-ndv,420333309001,108,40.882130456,-78.3203801917,Nittany Mall,,Lessors of Real Estate,Malls,420270116002,40.832309,-77.8012,2901 E College Ave,State College,PA
zzw-226@63p-vks-ndv,420130101031,108,40.6756233218,-78.2437881708,Nittany Mall,,Lessors of Real Estate,Malls,420270116002,40.832309,-77.8012,2901 E College Ave,State College,PA
zzw-226@63p-vks-ndv,420350303003,108,41.1801842367,-77.3977704669,Nittany Mall,,Lessors of Real Estate,Malls,420270116002,40.832309,-77.8012,2901 E College Ave,State College,PA
zzw-226@63p-vks-ndv,420350305002,108,41.1387984854,-77.32858014359999,Nittany Mall,,Lessors of Real Estate,Malls,420270116002,40.832309,-77.8012,2901 E College Ave,State College,PA
zzw-226@63p-vks-ndv,420350307003,108,41.1331580707,-77.4606994859,Nittany Mall,,Lessors of Real Estate,Malls,420270116002,40.832309,-77.8012,2901 E College Ave,State College,PA
zzw-226@63p-vks-ndv,420350304001,108,41.1814557035,-77.3077999885,Nittany Mall,,Lessors of Real Estate,Malls,420270116002,40.832309,-77.8012,2901 E College Ave,State College,PA
zzw-226@63p-vks-ndv,420350308001,108,41.0902584453,-77.3856884249,Nittany Mall,,Lessors of Real Estate,Malls,420270116002,40.832309,-77.8012,2901 E College Ave,State College,PA
zzw-226@63p-vks-ndv,420350302004,108,41.1076448411,-77.4791904665,Nittany Mall,,Lessors of Real Estate,Malls,420270116002,40.832309,-77.8012,2901 E College Ave,State College,PA
zzw-226@63p-vks-ndv,420270103002,108,40.9007496364,-78.2139786725,Nittany Mall,,Lessors of Real Estate,Malls,420270116002,40.832309,-77.8012,2901 E College Ave,State College,PA
zzw-226@63p-vks-ndv,420619502001,108,40.6531900548,-78.0260826143,Nittany Mall,,Lessors of Real Estate,Malls,420270116002,40.832309,-77.8012,2901 E College Ave,State College,PA
zzw-226@63p-vks-ndv,420879610001,108,40.6380269202,-77.5675141104,Nittany Mall,,Lessors of Real Estate,Malls,420270116002,40.832309,-77.8012,2901 E College Ave,State College,PA
zzw-226@63p-vks-ndv,420270121004,108,40.8044969497,-77.8537472294,Nittany Mall,,Lessors of Real Estate,Malls,420270116002,40.832309,-77.8012,2901 E College Ave,State College,PA
zzw-226@63p-vks-ndv,420879611006,108,40.6286353266,-77.5884558335,Nittany Mall,,Lessors of Real Estate,Malls,420270116002,40.832309,-77.8012,2901 E College Ave,State College,PA
zzw-226@63p-vks-ndv,420810119001,108,41.2045607217,-77.2736230064,Nittany Mall,,Lessors of Real Estate,Malls,420270116002,40.832309,-77.8012,2901 E College Ave,State College,PA
zzw-226@63p-vks-ndv,420333306002,99,41.0298929238,-78.4090362532,Nittany Mall,,Lessors of Real Estate,Malls,420270116002,40.832309,-77.8012,2901 E College Ave,State College,PA
zzw-226@63p-vks-ndv,420333308001,99,41.0161103628,-78.2235372145,Nittany Mall,,Lessors of Real Estate,Malls,420270116002,40.832309,-77.8012,2901 E College Ave,State College,PA
zzw-226@63p-vks-ndv,420350306002,99,41.1332757533,-77.4429969403,Nittany Mall,,Lessors of Real Estate,Malls,420270116002,40.832309,-77.8012,2901 E College Ave,State College,PA
zzw-226@63p-vks-ndv,420879607001,99,40.6091310351,-77.5653607786,Nittany Mall,,Lessors of Real Estate,Malls,420270116002,40.832309,-77.8012,2901 E College Ave,State College,PA
zzw-226@63p-vks-ndv,420350309003,99,40.9975226359,-77.41790012,Nittany Mall,,Lessors of Real Estate,Malls,420270116002,40.832309,-77.8012,2901 E College Ave,State College,PA
zzw-226@63p-vks-ndv,420350302002,88,41.1519643767,-77.5675028632,Nittany Mall,,Lessors of Real Estate,Malls,420270116002,40.832309,-77.8012,2901 E College Ave,State College,PA
zzw-226@63p-vks-ndv,420879612002,88,40.6760897493,-77.4478447417,Nittany Mall,,Lessors of Real Estate,Malls,420270116002,40.832309,-77.8012,2901 E College Ave,State College,PA
zzw-226@63p-vks-ndv,420130101032,88,40.6847915609,-78.2445900127,Nittany Mall,,Lessors of Real Estate,Malls,420270116002,40.832309,-77.8012,2901 E College Ave,State College,PA
zzw-226@63p-vks-ndv,420131018003,88,40.5200253452,-78.3809938567,Nittany Mall,,Lessors of Real Estate,Malls,420270116002,40.832309,-77.8012,2901 E College Ave,State College,PA
zzw-226@63p-vks-ndv,420879606002,88,40.5694487392,-77.610884334,Nittany Mall,,Lessors of Real Estate,Malls,420270116002,40.832309,-77.8012,2901 E College Ave,State College,PA
zzw-226@63p-vks-ndv,420270123001,88,40.8023913965,-77.8716890764,Nittany Mall,,Lessors of Real Estate,Malls,420270116002,40.832309,-77.8012,2901 E College Ave,State College,PA
zzw-226@63p-vks-ndv,420619502003,79,40.5925045928,-78.1518407713,Nittany Mall,,Lessors of Real Estate,Malls,420270116002,40.832309,-77.8012,2901 E College Ave,State College,PA
zzw-226@63p-vks-ndv,420810113021,79,41.2542047964,-77.0856001856,Nittany Mall,,Lessors of Real Estate,Malls,420270116002,40.832309,-77.8012,2901 E College Ave,State College,PA
zzw-226@63p-vks-ndv,420270120004,79,40.7964359472,-77.8524892083,Nittany Mall,,Lessors of Real Estate,Malls,420270116002,40.832309,-77.8012,2901 E College Ave,State College,PA
zzw-226@63p-vks-ndv,420210125003,79,40.4639899903,-78.7717113613,Nittany Mall,,Lessors of Real Estate,Malls,420270116002,40.832309,-77.8012,2901 E College Ave,State College,PA
zzw-226@63p-vks-ndv,420333308002,79,41.031873929,-78.1198410179,Nittany Mall,,Lessors of Real Estate,Malls,420270116002,40.832309,-77.8012,2901 E College Ave,State College,PA
zzw-226@63p-vks-ndv,420879611001,79,40.6607752209,-77.5369811833,Nittany Mall,,Lessors of Real Estate,Malls,420270116002,40.832309,-77.8012,2901 E College Ave,State College,PA
zzw-226@63p-vks-ndv,420619505002,79,40.5006750774,-77.9397398428,Nittany Mall,,Lessors of Real Estate,Malls,420270116002,40.832309,-77.8012,2901 E College Ave,State College,PA
zzw-226@63p-vks-ndv,420619501001,79,40.6749001344,-77.8003579069,Nittany Mall,,Lessors of Real Estate,Malls,420270116002,40.832309,-77.8012,2901 E College Ave,State College,PA
zzw-226@63p-vks-ndv,420619503005,79,40.4780388255,-78.0230007774,Nittany Mall,,Lessors of Real Estate,Malls,420270116002,40.832309,-77.8012,2901 E College Ave,State College,PA
zzw-226@63p-vks-ndv,420130104023,79,40.6007761498,-78.3079270842,Nittany Mall,,Lessors of Real Estate,Malls,420270116002,40.832309,-77.8012,2901 E College Ave,State College,PA
zzw-226@63p-vks-ndv,420879602002,79,40.6513569573,-77.6275377715,Nittany Mall,,Lessors of Real Estate,Malls,420270116002,40.832309,-77.8012,2901 E College Ave,State College,PA
zzw-226@63p-vks-ndv,420350307001,79,41.141896425,-77.4665795447,Nittany Mall,,Lessors of Real Estate,Malls,420270116002,40.832309,-77.8012,2901 E College Ave,State College,PA
zzw-226@63p-vks-ndv,420130107005,69,40.5303375856,-78.3598566807,Nittany Mall,,Lessors of Real Estate,Malls,420270116002,40.832309,-77.8012,2901 E College Ave,State College,PA
zzw-226@63p-vks-ndv,420879606004,69,40.557337951,-77.5696013897,Nittany Mall,,Lessors of Real Estate,Malls,420270116002,40.832309,-77.8012,2901 E College Ave,State College,PA
zzw-226@63p-vks-ndv,420879611002,69,40.6367906271,-77.525894926,Nittany Mall,,Lessors of Real Estate,Malls,420270116002,40.832309,-77.8012,2901 E College Ave,State College,PA
zzw-226@63p-vks-ndv,420131007003,69,40.5263362218,-78.399497349,Nittany Mall,,Lessors of Real Estate,Malls,420270116002,40.832309,-77.8012,2901 E College Ave,State College,PA
zzw-226@63p-vks-ndv,420130104011,69,40.5982996541,-78.3316424716,Nittany Mall,,Lessors of Real Estate,Malls,420270116002,40.832309,-77.8012,2901 E College Ave,State College,PA
zzw-226@63p-vks-ndv,420619504001,69,40.4992680825,-78.0043603918,Nittany Mall,,Lessors of Real Estate,Malls,420270116002,40.832309,-77.8012,2901 E College Ave,State College,PA
zzw-226@63p-vks-ndv,420130101021,69,40.6674438372,-78.2543288668,Nittany Mall,,Lessors of Real Estate,Malls,420270116002,40.832309,-77.8012,2901 E College Ave,State College,PA
zzw-226@63p-vks-ndv,420279812021,69,40.8523440874,-77.7816454699,Nittany Mall,,Lessors of Real Estate,Malls,420270116002,40.832309,-77.8012,2901 E College Ave,State College,PA
zzw-226@63p-vks-ndv,420879611003,69,40.624221122,-77.5229720977,Nittany Mall,,Lessors of Real Estate,Malls,420270116002,40.832309,-77.8012,2901 E College Ave,State College,PA
zzw-226@63p-vks-ndv,420879608003,69,40.5972352124,-77.5799267666,Nittany Mall,,Lessors of Real Estate,Malls,420270116002,40.832309,-77.8012,2901 E College Ave,State College,PA
zzw-226@63p-vks-ndv,420879609001,69,40.5906616463,-77.5688174798,Nittany Mall,,Lessors of Real Estate,Malls,420270116002,40.832309,-77.8012,2901 E College Ave,State College,PA
zzw-226@63p-vks-ndv,420130101013,59,40.6963167062,-78.302873683,Nittany Mall,,Lessors of Real Estate,Malls,420270116002,40.832309,-77.8012,2901 E College Ave,State College,PA
zzw-226@63p-vks-ndv,420619504006,59,40.4917465326,-78.0163877791,Nittany Mall,,Lessors of Real Estate,Malls,420270116002,40.832309,-77.8012,2901 E College Ave,State College,PA
zzw-226@63p-vks-ndv,420879608001,59,40.6034361734,-77.5741579117,Nittany Mall,,Lessors of Real Estate,Malls,420270116002,40.832309,-77.8012,2901 E College Ave,State College,PA
zzw-226@63p-vks-ndv,420130104021,59,40.6038813418,-78.3467515546,Nittany Mall,,Lessors of Real Estate,Malls,420270116002,40.832309,-77.8012,2901 E College Ave,State College,PA
zzw-226@63p-vks-ndv,420333309004,59,40.8525174477,-78.2698121888,Nittany Mall,,Lessors of Real Estate,Malls,420270116002,40.832309,-77.8012,2901 E College Ave,State College,PA
zzw-226@63p-vks-ndv,420619504004,59,40.4838619306,-78.0062661656,Nittany Mall,,Lessors of Real Estate,Malls,420270116002,40.832309,-77.8012,2901 E College Ave,State College,PA
zzw-226@63p-vks-ndv,420270123002,59,40.7963212532,-77.8792696104,Nittany Mall,,Lessors of Real Estate,Malls,420270116002,40.832309,-77.8012,2901 E College Ave,State College,PA
zzw-226@63p-vks-ndv,420333310003,59,40.9540087427,-78.2865567483,Nittany Mall,,Lessors of Real Estate,Malls,420270116002,40.832309,-77.8012,2901 E College Ave,State College,PA
zzw-226@63p-vks-ndv,420619503003,59,40.524867353,-78.0908357012,Nittany Mall,,Lessors of Real Estate,Malls,420270116002,40.832309,-77.8012,2901 E College Ave,State College,PA
zzw-226@63p-vks-ndv,420333310001,59,41.0163177962,-78.3533647281,Nittany Mall,,Lessors of Real Estate,Malls,420270116002,40.832309,-77.8012,2901 E College Ave,State College,PA
zzw-226@63p-vks-ndv,420454065002,59,39.8225841988,-75.4016996425,Nittany Mall,,Lessors of Real Estate,Malls,420270116002,40.832309,-77.8012,2901 E College Ave,State College,PA
zzw-226@63p-vks-ndv,420879601002,59,40.713054126,-77.5835190932,Nittany Mall,,Lessors of Real Estate,Malls,420270116002,40.832309,-77.8012,2901 E College Ave,State College,PA
zzw-226@63p-vks-ndv,420879611007,59,40.6196841624,-77.5652493878,Nittany Mall,,Lessors of Real Estate,Malls,420270116002,40.832309,-77.8012,2901 E College Ave,State College,PA
zzw-226@63p-vks-ndv,420333313003,59,41.0075287758,-78.4688271401,Nittany Mall,,Lessors of Real Estate,Malls,420270116002,40.832309,-77.8012,2901 E College Ave,State College,PA
zzw-226@63p-vks-ndv,420210121002,59,40.7045587497,-78.4363250536,Nittany Mall,,Lessors of Real Estate,Malls,420270116002,40.832309,-77.8012,2901 E College Ave,State College,PA
zzw-226@63p-vks-ndv,420333311001,50,41.0214495157,-78.4352883264,Nittany Mall,,Lessors of Real Estate,Malls,420270116002,40.832309,-77.8012,2901 E College Ave,State College,PA
zzw-226@63p-vks-ndv,420130104025,50,40.639425139,-78.3736561071,Nittany Mall,,Lessors of Real Estate,Malls,420270116002,40.832309,-77.8012,2901 E College Ave,State College,PA
zzw-226@63p-vks-ndv,420619501002,50,40.6151132518,-77.8942036371,Nittany Mall,,Lessors of Real Estate,Malls,420270116002,40.832309,-77.8012,2901 E College Ave,State College,PA
zzw-226@63p-vks-ndv,420131018001,50,40.5168950152,-78.373470886,Nittany Mall,,Lessors of Real Estate,Malls,420270116002,40.832309,-77.8012,2901 E College Ave,State College,PA
zzw-226@63p-vks-ndv,420130101014,50,40.6208595953,-78.2329685046,Nittany Mall,,Lessors of Real Estate,Malls,420270116002,40.832309,-77.8012,2901 E College Ave,State College,PA
zzw-226@63p-vks-ndv,420333304003,50,41.1287293986,-78.7004837917,Nittany Mall,,Lessors of Real Estate,Malls,420270116002,40.832309,-77.8012,2901 E College Ave,State College,PA
zzw-226@63p-vks-ndv,420333309003,50,40.8903716254,-78.2292979779,Nittany Mall,,Lessors of Real Estate,Malls,420270116002,40.832309,-77.8012,2901 E College Ave,State College,PA
zzw-226@63p-vks-ndv,420879611005,50,40.6401345806,-77.581512919,Nittany Mall,,Lessors of Real Estate,Malls,420270116002,40.832309,-77.8012,2901 E College Ave,State College,PA
zzw-226@63p-vks-ndv,420350304003,50,41.1834279883,-77.3512439907,Nittany Mall,,Lessors of Real Estate,Malls,420270116002,40.832309,-77.8012,2901 E College Ave,State College,PA
zzw-226@63p-vks-ndv,420130101022,50,40.6751039596,-78.237988645,Nittany Mall,,Lessors of Real Estate,Malls,420270116002,40.832309,-77.8012,2901 E College Ave,State College,PA
zzw-226@63p-vks-ndv,420333317004,50,40.7633912852,-78.3997495393,Nittany Mall,,Lessors of Real Estate,Malls,420270116002,40.832309,-77.8012,2901 E College Ave,State College,PA
zzw-226@63p-vks-ndv,420333305003,50,41.1945840977,-78.5724951809,Nittany Mall,,Lessors of Real Estate,Malls,420270116002,40.832309,-77.8012,2901 E College Ave,State College,PA
zzw-226@63p-vks-ndv,420350304005,50,41.1852110568,-77.3120318394,Nittany Mall,,Lessors of Real Estate,Malls,420270116002,40.832309,-77.8012,2901 E College Ave,State College,PA
zzw-226@63p-vks-ndv,420130101023,50,40.672559223,-78.2349876914,Nittany Mall,,Lessors of Real Estate,Malls,420270116002,40.832309,-77.8012,2901 E College Ave,State College,PA
zzw-226@63p-vks-ndv,420619503001,50,40.5877622952,-78.0413806395,Nittany Mall,,Lessors of Real Estate,Malls,420270116002,40.832309,-77.8012,2901 E College Ave,State College,PA
zzw-226@63p-vks-ndv,420619506001,50,40.4462450237,-78.0567644493,Nittany Mall,,Lessors of Real Estate,Malls,420270116002,40.832309,-77.8012,2901 E College Ave,State College,PA
zzw-226@63p-vks-ndv,420619504002,50,40.5069504664,-78.0150043554,Nittany Mall,,Lessors of Real Estate,Malls,420270116002,40.832309,-77.8012,2901 E College Ave,State College,PA
zzw-226@63p-vks-ndv,420350304004,50,41.1862178574,-77.3212221688,Nittany Mall,,Lessors of Real Estate,Malls,420270116002,40.832309,-77.8012,2901 E College Ave,State College,PA
zzw-226@63p-vks-ndv,420810008001,20,41.2356134861,-77.0256688168,Nittany Mall,,Lessors of Real Estate,Malls,420270116002,40.832309,-77.8012,2901 E College Ave,State College,PA
zzw-226@63p-vks-ndv,420130113001,20,40.3140786052,-78.3232089868,Nittany Mall,,Lessors of Real Estate,Malls,420270116002,40.832309,-77.8012,2901 E College Ave,State College,PA
zzw-226@63p-vks-ndv,420171055051,20,40.2295091609,-74.8069363392,Nittany Mall,,Lessors of Real Estate,Malls,420270116002,40.832309,-77.8012,2901 E College Ave,State College,PA
zzw-226@63p-vks-ndv,420430248004,20,40.4219088983,-76.9601670563,Nittany Mall,,Lessors of Real Estate,Malls,420270116002,40.832309,-77.8012,2901 E College Ave,State College,PA
zzw-226@63p-vks-ndv,420810003007,20,41.2407286613,-77.0235280313,Nittany Mall,,Lessors of Real Estate,Malls,420270116002,40.832309,-77.8012,2901 E College Ave,State College,PA
zzw-226@63p-vks-ndv,540679502001,20,38.2932437863,-80.8318825626,Nittany Mall,,Lessors of Real Estate,Malls,420270116002,40.832309,-77.8012,2901 E College Ave,State College,PA
zzw-226@63p-vks-ndv,420350301001,20,41.3333377285,-77.7287025774,Nittany Mall,,Lessors of Real Estate,Malls,420270116002,40.832309,-77.8012,2901 E College Ave,State College,PA
zzw-226@63p-vks-ndv,420879603003,20,40.5591384843,-77.7893690939,Nittany Mall,,Lessors of Real Estate,Malls,420270116002,40.832309,-77.8012,2901 E College Ave,State College,PA
zzw-226@63p-vks-ndv,471550810003,20,35.8079565338,-83.5555414075,Nittany Mall,,Lessors of Real Estate,Malls,420270116002,40.832309,-77.8012,2901 E College Ave,State College,PA
zzw-226@63p-vks-ndv,420333303003,20,41.1165056976,-78.7637177119,Nittany Mall,,Lessors of Real Estate,Malls,420270116002,40.832309,-77.8012,2901 E College Ave,State College,PA
zzw-226@63p-vks-ndv,420131009003,20,40.5366013608,-78.3856088559,Nittany Mall,,Lessors of Real Estate,Malls,420270116002,40.832309,-77.8012,2901 E College Ave,State College,PA
zzw-226@63p-vks-ndv,421179507003,20,41.7226987301,-77.2277524618,Nittany Mall,,Lessors of Real Estate,Malls,420270116002,40.832309,-77.8012,2901 E College Ave,State College,PA
zzw-226@63p-vks-ndv,420792161002,20,41.0787635601,-76.1789009699,Nittany Mall,,Lessors of Real Estate,Malls,420270116002,40.832309,-77.8012,2901 E College Ave,State College,PA
zzw-226@63p-vks-ndv,420619505003,20,40.5453470895,-77.9690005951,Nittany Mall,,Lessors of Real Estate,Malls,420270116002,40.832309,-77.8012,2901 E College Ave,State College,PA
zzw-226@63p-vks-ndv,420810104001,20,41.411685424,-77.0508531317,Nittany Mall,,Lessors of Real Estate,Malls,420270116002,40.832309,-77.8012,2901 E College Ave,State College,PA
zzw-226@63p-vks-ndv,420879609002,20,40.5908058746,-77.5606396462,Nittany Mall,,Lessors of Real Estate,Malls,420270116002,40.832309,-77.8012,2901 E College Ave,State College,PA
zzw-226@63p-vks-ndv,420130111001,10,40.4303170861,-78.4149898402,Nittany Mall,,Lessors of Real Estate,Malls,420270116002,40.832309,-77.8012,2901 E College Ave,State College,PA
zzw-226@63p-vks-ndv,420710111003,10,40.0740031687,-76.5418919659,Nittany Mall,,Lessors of Real Estate,Malls,420270116002,40.832309,-77.8012,2901 E College Ave,State College,PA
zzw-226@63p-vks-ndv,420333302001,10,41.1314873026,-78.7618511487,Nittany Mall,,Lessors of Real Estate,Malls,420270116002,40.832309,-77.8012,2901 E College Ave,State College,PA
zzw-226@63p-vks-ndv,420950113001,10,40.6042128707,-75.3403643853,Nittany Mall,,Lessors of Real Estate,Malls,420270116002,40.832309,-77.8012,2901 E College Ave,State College,PA
zzw-226@63p-vks-ndv,421179505001,10,41.7390857296,-76.9667100557,Nittany Mall,,Lessors of Real Estate,Malls,420270116002,40.832309,-77.8012,2901 E College Ave,State College,PA
zzw-226@63p-vks-ndv,420333317002,10,40.8250823903,-78.3510160318,Nittany Mall,,Lessors of Real Estate,Malls,420270116002,40.832309,-77.8012,2901 E College Ave,State College,PA
zzw-226@63p-vks-ndv,420130104022,10,40.5758796678,-78.3650023348,Nittany Mall,,Lessors of Real Estate,Malls,420270116002,40.832309,-77.8012,2901 E College Ave,State College,PA
zzw-226@63p-vks-ndv,420430246001,10,40.3425961791,-76.7208970345,Nittany Mall,,Lessors of Real Estate,Malls,420270116002,40.832309,-77.8012,2901 E College Ave,State College,PA
zzw-226@63p-vks-ndv,450130103004,10,32.156913733,-80.7476787287,Nittany Mall,,Lessors of Real Estate,Malls,420270116002,40.832309,-77.8012,2901 E College Ave,State College,PA
zzw-226@63p-vks-ndv,420035624001,10,40.4077170546,-80.0012011677,Nittany Mall,,Lessors of Real Estate,Malls,420270116002,40.832309,-77.8012,2901 E College Ave,State College,PA
zzw-226@63p-vks-ndv,420691005002,10,41.4086212849,-75.6398557004,Nittany Mall,,Lessors of Real Estate,Malls,420270116002,40.832309,-77.8012,2901 E College Ave,State College,PA
zzw-226@63p-vks-ndv,100050513063,10,38.4686531015,-75.0745366586,Nittany Mall,,Lessors of Real Estate,Malls,420270116002,40.832309,-77.8012,2901 E College Ave,State College,PA
zzw-226@63p-vks-ndv,421330212104,10,40.0029996422,-76.7504936128,Nittany Mall,,Lessors of Real Estate,Malls,420270116002,40.832309,-77.8012,2901 E College Ave,State College,PA
zzw-226@63p-vks-ndv,420912070041,10,40.2817572499,-75.3807256703,Nittany Mall,,Lessors of Real Estate,Malls,420270116002,40.832309,-77.8012,2901 E College Ave,State College,PA
zzw-226@63p-vks-ndv,420879610002,10,40.6328086829,-77.5588457065,Nittany Mall,,Lessors of Real Estate,Malls,420270116002,40.832309,-77.8012,2901 E College Ave,State College,PA
zzw-226@63p-vks-ndv,420670704001,10,40.6243989213,-77.0696976945,Nittany Mall,,Lessors of Real Estate,Malls,420270116002,40.832309,-77.8012,2901 E College Ave,State College,PA
zzw-226@63p-vks-ndv,420350309001,10,41.0466550115,-77.2512532609,Nittany Mall,,Lessors of Real Estate,Malls,420270116002,40.832309,-77.8012,2901 E College Ave,State College,PA
zzw-226@63p-vks-ndv,421190905023,10,41.001807852,-76.9455401808,Nittany Mall,,Lessors of Real Estate,Malls,420270116002,40.832309,-77.8012,2901 E College Ave,State College,PA
zzw-226@63p-vks-ndv,420810112002,10,41.2762139718,-77.0034073487,Nittany Mall,,Lessors of Real Estate,Malls,420270116002,40.832309,-77.8012,2901 E College Ave,State College,PA
zzw-226@63p-vks-ndv,420730102011,10,41.0674842761,-80.3374915626,Nittany Mall,,Lessors of Real Estate,Malls,420270116002,40.832309,-77.8012,2901 E College Ave,State College,PA
zzw-226@63p-vks-ndv,420770096002,10,40.6096024737,-75.4354975406,Nittany Mall,,Lessors of Real Estate,Malls,420270116002,40.832309,-77.8012,2901 E College Ave,State College,PA
zzw-226@63p-vks-ndv,420810119004,10,41.2012399398,-77.2626936921,Nittany Mall,,Lessors of Real Estate,Malls,420270116002,40.832309,-77.8012,2901 E College Ave,State College,PA
zzw-226@63p-vks-ndv,421190906002,10,40.9188257131,-76.9116402105,Nittany Mall,,Lessors of Real Estate,Malls,420270116002,40.832309,-77.8012,2901 E College Ave,State College,PA
zzw-226@63p-vks-ndv,360830525013,10,42.5150167063,-73.6911515608,Nittany Mall,,Lessors of Real Estate,Malls,420270116002,40.832309,-77.8012,2901 E College Ave,State College,PA
zzw-226@63p-vks-ndv,420691125006,10,41.3986408074,-75.6962209319,Nittany Mall,,Lessors of Real Estate,Malls,420270116002,40.832309,-77.8012,2901 E College Ave,State College,PA
zzw-226@63p-vks-ndv,420619506002,10,40.3717695011,-78.1419204718,Nittany Mall,,Lessors of Real Estate,Malls,420270116002,40.832309,-77.8012,2901 E College Ave,State College,PA
zzw-226@63p-vks-ndv,420131006002,10,40.5275574432,-78.4094576596,Nittany Mall,,Lessors of Real Estate,Malls,420270116002,40.832309,-77.8012,2901 E College Ave,State College,PA
zzw-226@63p-vks-ndv,421257610001,10,40.1529058913,-80.0384014862,Nittany Mall,,Lessors of Real Estate,Malls,420270116002,40.832309,-77.8012,2901 E College Ave,State College,PA
zzw-226@63p-vks-ndv,420912061021,10,40.1371495625,-75.45519486,Nittany Mall,,Lessors of Real Estate,Malls,420270116002,40.832309,-77.8012,2901 E College Ave,State College,PA
zzw-226@63p-vks-ndv,391730207002,10,41.5636611379,-83.5657447019,Nittany Mall,,Lessors of Real Estate,Malls,420270116002,40.832309,-77.8012,2901 E College Ave,State College,PA
zzw-226@63p-vks-ndv,421010004022,10,39.9531638912,-75.1681281253,Nittany Mall,,Lessors of Real Estate,Malls,420270116002,40.832309,-77.8012,2901 E College Ave,State College,PA
zzw-226@63p-vks-ndv,421090704002,10,40.7545274316,-77.1541610599,Nittany Mall,,Lessors of Real Estate,Malls,420270116002,40.832309,-77.8012,2901 E College Ave,State College,PA
zzw-226@63p-vks-ndv,420110116021,10,40.3041414394,-75.9898488501,Nittany Mall,,Lessors of Real Estate,Malls,420270116002,40.832309,-77.8012,2901 E College Ave,State College,PA
zzw-226@63p-vks-ndv,340190105001,10,40.606742868,-75.1451935878,Nittany Mall,,Lessors of Real Estate,Malls,420270116002,40.832309,-77.8012,2901 E College Ave,State College,PA
zzw-226@63p-vks-ndv,100050509023,10,38.7798781904,-75.1170496781,Nittany Mall,,Lessors of Real Estate,Malls,420270116002,40.832309,-77.8012,2901 E College Ave,State College,PA
zzw-226@63p-vks-ndv,120350602122,10,29.5443706928,-81.2227248605,Nittany Mall,,Lessors of Real Estate,Malls,420270116002,40.832309,-77.8012,2901 E College Ave,State College,PA
zzw-226@63p-vks-ndv,421090703002,10,40.7744833313,-77.0813685804,Nittany Mall,,Lessors of Real Estate,Malls,420270116002,40.832309,-77.8012,2901 E College Ave,State College,PA
zzw-226@63p-vks-ndv,530079608023,10,47.4508839382,-120.338473271,Nittany Mall,,Lessors of Real Estate,Malls,420270116002,40.832309,-77.8012,2901 E College Ave,State College,PA
zzw-226@63p-vks-ndv,421257451001,10,40.2324666347,-80.1955224824,Nittany Mall,,Lessors of Real Estate,Malls,420270116002,40.832309,-77.8012,2901 E College Ave,State College,PA
zzw-226@63p-vks-ndv,420130107002,10,40.5505823946,-78.3957522097,Nittany Mall,,Lessors of Real Estate,Malls,420270116002,40.832309,-77.8012,2901 E College Ave,State College,PA
zzw-226@63p-vks-ndv,390170111281,10,39.3423043724,-84.4367405854,Nittany Mall,,Lessors of Real Estate,Malls,420270116002,40.832309,-77.8012,2901 E College Ave,State College,PA
zzw-226@63p-vks-ndv,120330001001,10,30.4042230101,-87.219364302,Nittany Mall,,Lessors of Real Estate,Malls,420270116002,40.832309,-77.8012,2901 E College Ave,State College,PA
zzw-226@63p-vks-ndv,420970802004,10,41.0874638369,-76.8685640637,Nittany Mall,,Lessors of Real Estate,Malls,420270116002,40.832309,-77.8012,2901 E College Ave,State College,PA
zzw-226@63p-vks-ndv,421190903002,10,40.9227507657,-77.0499710425,Nittany Mall,,Lessors of Real Estate,Malls,420270116002,40.832309,-77.8012,2901 E College Ave,State College,PA
zzw-226@63p-vks-ndv,130730303041,10,33.5529540581,-82.2201092671,Nittany Mall,,Lessors of Real Estate,Malls,420270116002,40.832309,-77.8012,2901 E College Ave,State College,PA
zzw-226@63p-vks-ndv,420912086043,10,40.2106070378,-75.522270214,Nittany Mall,,Lessors of Real Estate,Malls,420270116002,40.832309,-77.8012,2901 E College Ave,State College,PA
zzw-226@63p-vks-ndv,420691028002,10,41.3618461944,-75.6503214449,Nittany Mall,,Lessors of Real Estate,Malls,420270116002,40.832309,-77.8012,2901 E College Ave,State College,PA
zzw-226@63p-vks-ndv,420293021012,10,40.0561325366,-75.5541519142,Nittany Mall,,Lessors of Real Estate,Malls,420270116002,40.832309,-77.8012,2901 E College Ave,State College,PA
zzw-226@63p-vks-ndv,420810111005,10,41.2456934228,-76.9568578126,Nittany Mall,,Lessors of Real Estate,Malls,420270116002,40.832309,-77.8012,2901 E College Ave,State College,PA
zzw-226@63p-vks-ndv,350010037233,10,35.1630503948,-106.564267918,Nittany Mall,,Lessors of Real Estate,Malls,420270116002,40.832309,-77.8012,2901 E College Ave,State College,PA
zzw-226@63p-vks-ndv,401155748001,10,36.7219236555,-94.8607026213,Nittany Mall,,Lessors of Real Estate,Malls,420270116002,40.832309,-77.8012,2901 E College Ave,State College,PA
zzw-226@63p-vks-ndv,370531101011,10,36.3892309318,-75.8551738319,Nittany Mall,,Lessors of Real Estate,Malls,420270116002,40.832309,-77.8012,2901 E College Ave,State College,PA
zzw-226@63p-vks-ndv,421070029003,10,40.7189166422,-75.9056731455,Nittany Mall,,Lessors of Real Estate,Malls,420270116002,40.832309,-77.8012,2901 E College Ave,State College,PA
zzw-226@63p-vks-ndv,180390008024,10,41.7046186698,-85.7314725459,Nittany Mall,,Lessors of Real Estate,Malls,420270116002,40.832309,-77.8012,2901 E College Ave,State College,PA
zzw-226@63p-vks-ndv,320030029462,10,36.1173197677,-115.212531909,Nittany Mall,,Lessors of Real Estate,Malls,420270116002,40.832309,-77.8012,2901 E College Ave,State College,PA
zzw-226@63p-vks-ndv,421179509002,10,41.6942875969,-77.5100397122,Nittany Mall,,Lessors of Real Estate,Malls,420270116002,40.832309,-77.8012,2901 E College Ave,State College,PA
zzw-226@63p-vks-ndv,240358110001,10,38.9401542907,-76.2610687415,Nittany Mall,,Lessors of Real Estate,Malls,420270116002,40.832309,-77.8012,2901 E College Ave,State College,PA
zzw-226@63p-vks-ndv,420210129003,10,40.3553046912,-78.6536533747,Nittany Mall,,Lessors of Real Estate,Malls,420270116002,40.832309,-77.8012,2901 E College Ave,State College,PA
zzw-226@63p-vks-ndv,420893012041,10,40.9823102641,-75.4709022505,Nittany Mall,,Lessors of Real Estate,Malls,420270116002,40.832309,-77.8012,2901 E College Ave,State College,PA
zzw-226@63p-vks-ndv,420030201006,10,40.4450860047,-79.9970207258,Nittany Mall,,Lessors of Real Estate,Malls,420270116002,40.832309,-77.8012,2901 E College Ave,State College,PA
zzw-226@63p-vks-ndv,120970408021,10,28.3104746443,-81.611495646,Nittany Mall,,Lessors of Real Estate,Malls,420270116002,40.832309,-77.8012,2901 E College Ave,State College,PA
zzw-226@63p-vks-ndv,420350309002,10,41.0358410459,-77.3297275087,Nittany Mall,,Lessors of Real Estate,Malls,420270116002,40.832309,-77.8012,2901 E College Ave,State College,PA
zzw-226@63p-vks-ndv,420159507004,10,41.7643909578,-76.7541828598,Nittany Mall,,Lessors of Real Estate,Malls,420270116002,40.832309,-77.8012,2901 E College Ave,State College,PA
zzw-226@63p-vks-ndv,420792157012,10,41.2182217966,-76.09176048,Nittany Mall,,Lessors of Real Estate,Malls,420270116002,40.832309,-77.8012,2901 E College Ave,State College,PA
zzw-226@63p-vks-ndv,421298013003,10,40.6148263876,-79.6003532232,Nittany Mall,,Lessors of Real Estate,Malls,420270116002,40.832309,-77.8012,2901 E College Ave,State College,PA
zzw-226@63p-vks-ndv,421059504003,10,41.6023569528,-77.9780499258,Nittany Mall,,Lessors of Real Estate,Malls,420270116002,40.832309,-77.8012,2901 E College Ave,State College,PA
zzw-226@63p-vks-ndv,420479513001,10,41.4075589491,-78.5429617961,Nittany Mall,,Lessors of Real Estate,Malls,420270116002,40.832309,-77.8012,2901 E College Ave,State College,PA
zzw-226@63p-vks-ndv,240253039001,10,39.534227131,-76.3341062749,Nittany Mall,,Lessors of Real Estate,Malls,420270116002,40.832309,-77.8012,2901 E College Ave,State College,PA
zzw-226@63p-vks-ndv,391535203021,10,41.1376156165,-81.4937519377,Nittany Mall,,Lessors of Real Estate,Malls,420270116002,40.832309,-77.8012,2901 E College Ave,State College,PA
zzw-226@63p-vks-ndv,420131018002,10,40.5243676145,-78.3752442191,Nittany Mall,,Lessors of Real Estate,Malls,420270116002,40.832309,-77.8012,2901 E College Ave,State College,PA
zzw-226@63p-vks-ndv,320030067001,10,36.11307774,-115.172517591,Nittany Mall,,Lessors of Real Estate,Malls,420270116002,40.832309,-77.8012,2901 E College Ave,State College,PA
zzw-226@63p-vks-ndv,390572005001,10,39.8145017014,-84.0073010992,Nittany Mall,,Lessors of Real Estate,Malls,420270116002,40.832309,-77.8012,2901 E College Ave,State College,PA
zzw-226@63p-vks-ndv,420010301011,10,40.0215943942,-77.0872640608,Nittany Mall,,Lessors of Real Estate,Malls,420270116002,40.832309,-77.8012,2901 E College Ave,State College,PA
zzw-226@63p-vks-ndv,370230208013,10,35.7524854792,-81.6156155273,Nittany Mall,,Lessors of Real Estate,Malls,420270116002,40.832309,-77.8012,2901 E College Ave,State College,PA
zzw-226@63p-vks-ndv,511539014162,10,38.7212081544,-77.5498444557,Nittany Mall,,Lessors of Real Estate,Malls,420270116002,40.832309,-77.8012,2901 E College Ave,State College,PA
zzw-226@63p-vks-ndv,261251374001,10,42.4500091297,-83.5297968545,Nittany Mall,,Lessors of Real Estate,Malls,420270116002,40.832309,-77.8012,2901 E College Ave,State College,PA
zzw-226@63p-vks-ndv,170978626042,10,42.3542334638,-87.8795595896,Nittany Mall,,Lessors of Real Estate,Malls,420270116002,40.832309,-77.8012,2901 E College Ave,State College,PA
zzw-226@63p-vks-ndv,390950071012,10,41.5782245933,-83.6513338787,Nittany Mall,,Lessors of Real Estate,Malls,420270116002,40.832309,-77.8012,2901 E College Ave,State College,PA
zzw-226@63p-vks-ndv,420810119002,10,41.1992578096,-77.2798295927,Nittany Mall,,Lessors of Real Estate,Malls,420270116002,40.832309,-77.8012,2901 E College Ave,State College,PA
zzw-226@63p-vks-ndv,420792118002,10,41.2543045014,-75.8267392341,Nittany Mall,,Lessors of Real Estate,Malls,420270116002,40.832309,-77.8012,2901 E College Ave,State College,PA
zzw-226@63p-vks-ndv,420210125001,10,40.5217021618,-78.740362566,Nittany Mall,,Lessors of Real Estate,Malls,420270116002,40.832309,-77.8012,2901 E College Ave,State College,PA
zzw-226@63p-vks-ndv,421298021022,10,40.4284185062,-79.6747384136,Nittany Mall,,Lessors of Real Estate,Malls,420270116002,40.832309,-77.8012,2901 E College Ave,State College,PA
zzw-226@63p-vks-ndv,401430058072,10,36.3214323688,-95.8362688827,Nittany Mall,,Lessors of Real Estate,Malls,420270116002,40.832309,-77.8012,2901 E College Ave,State College,PA
zzw-226@63p-vks-ndv,380939678001,10,46.8867624062,-98.7046962924,Nittany Mall,,Lessors of Real Estate,Malls,420270116002,40.832309,-77.8012,2901 E College Ave,State College,PA
zzw-226@63p-vks-ndv,421190904001,10,40.8901299155,-77.0361820643,Nittany Mall,,Lessors of Real Estate,Malls,420270116002,40.832309,-77.8012,2901 E College Ave,State College,PA
zzw-226@63p-vks-ndv,420130110022,10,40.463490776,-78.4340491619,Nittany Mall,,Lessors of Real Estate,Malls,420270116002,40.832309,-77.8012,2901 E College Ave,State College,PA
zzw-226@63p-vks-ndv,421090704004,10,40.6994735786,-77.007648502,Nittany Mall,,Lessors of Real Estate,Malls,420270116002,40.832309,-77.8012,2901 E College Ave,State College,PA
zzw-226@63p-vks-ndv,420810112003,10,41.2749513313,-77.0379750725,Nittany Mall,,Lessors of Real Estate,Malls,420270116002,40.832309,-77.8012,2901 E College Ave,State College,PA
zzw-226@63p-vks-ndv,360670115003,10,43.147655978,-76.3052347545,Nittany Mall,,Lessors of Real Estate,Malls,420270116002,40.832309,-77.8012,2901 E College Ave,State College,PA
zzw-226@63p-vks-ndv,420691104011,10,41.4892229117,-75.6697002617,Nittany Mall,,Lessors of Real Estate,Malls,420270116002,40.832309,-77.8012,2901 E College Ave,State College,PA
zzw-226@63p-vks-ndv,360099403006,10,42.1568001169,-78.7390303649,Nittany Mall,,Lessors of Real Estate,Malls,420270116002,40.832309,-77.8012,2901 E College Ave,State College,PA
zzw-226@63p-vks-ndv,420691102022,10,41.5748024954,-75.6061075975,Nittany Mall,,Lessors of Real Estate,Malls,420270116002,40.832309,-77.8012,2901 E College Ave,State College,PA
zzw-226@63p-vks-ndv,420131012004,10,40.4800944403,-78.3986328743,Nittany Mall,,Lessors of Real Estate,Malls,420270116002,40.832309,-77.8012,2901 E College Ave,State College,PA
zzw-226@63p-vks-ndv,240479500001,10,38.3409982884,-75.0798602046,Nittany Mall,,Lessors of Real Estate,Malls,420270116002,40.832309,-77.8012,2901 E College Ave,State College,PA
zzw-226@63p-vks-ndv,421090703001,10,40.836806098,-77.0929913234,Nittany Mall,,Lessors of Real Estate,Malls,420270116002,40.832309,-77.8012,2901 E College Ave,State College,PA
